date,ride_total,alight_total
2023-08-01,6941531,6906761
2023-08-02,6900912,6869641
2023-08-03,6937235,6905027
2023-08-04,6973855,6933847
2023-08-05,4782280,4752123
2023-08-06,3643087,3618959
2023-08-07,6802128,6773675
2023-08-08,7077597,7046377
2023-08-09,7163158,7132168
2023-08-10,5763080,5740220
2023-08-11,6980181,6953133
2023-08-12,5124243,5096085
2023-08-13,4007537,3986143
2023-08-14,6584229,6557030
2023-08-15,4238557,4214128
2023-08-16,7296330,7267767
2023-08-17,7381897,7351835
2023-08-18,7624989,7592177
2023-08-19,5429121,5403488
2023-08-20,4012904,3989181
2023-08-21,7129083,7102110
2023-08-22,7200765,7171736
2023-08-23,7023465,6995221
2023-08-24,7365584,7335455
2023-08-25,7817759,7786201
2023-08-26,5705793,5671351
2023-08-27,4205679,4181624
2023-08-28,7159494,7132436
2023-08-29,7180443,7151778
2023-08-30,7551115,7520866
2023-08-31,7615163,7584954
2023-09-01,8012445,7979258
2023-09-02,5935820,5903355
2023-09-03,4152775,4129136
2023-09-04,7604233,7576823
2023-09-05,7790027,7758927
2023-09-06,7846536,7815754
2023-09-07,7915128,7883539
2023-09-08,8168700,8132768
2023-09-09,6056831,6023680
2023-09-10,4360978,4336181
2023-09-11,7648636,7623261
2023-09-12,7848499,7818734
2023-09-13,7760717,7731793
2023-09-14,7933039,7904140
2023-09-15,7916547,7885727
2023-09-16,5758070,5726910
2023-09-17,4255358,4233069
2023-09-18,7655439,7627076
2023-09-19,7857698,7825943
2023-09-20,7620426,7590233
2023-09-21,7977751,7946997
2023-09-22,8287697,8255599
2023-09-23,6100258,6069133
2023-09-24,4393158,4370942
2023-09-25,7771598,7746833
2023-09-26,7837932,7807652
2023-09-27,7780632,7745174
2023-09-28,3405793,3383624
2023-09-29,2829610,2811427
2023-09-30,3444652,3425481
2023-10-01,4047599,4024123
2023-10-02,4586801,4562335
2023-10-03,4074151,4053659
2023-10-04,7574809,7547197
2023-10-05,7823718,7792419
2023-10-06,8152284,8122056
2023-10-07,6361882,6334109
2023-10-08,4694930,4667070
2023-10-09,4459734,4434846
2023-10-10,7858043,7830049
2023-10-11,7960138,7931831
2023-10-12,8010586,7979917
2023-10-13,8347989,8315275
2023-10-14,5759317,5728938
2023-10-15,4670826,4643080
2023-10-16,7715346,7688805
2023-10-17,7940939,7907723
2023-10-18,7991051,7959339
2023-10-19,7742435,7710954
2023-10-20,8350748,8315285
2023-10-21,6205194,6171095
2023-10-22,4612952,4585674
2023-10-23,7664791,7637275
2023-10-24,7833688,7804892
2023-10-25,7973800,7945300
2023-10-26,7903968,7872403
2023-10-27,8268649,8235806
2023-10-28,6308458,6275361
2023-10-29,4691268,4661479
2023-10-30,7717495,7690618
2023-10-31,7879628,7852072
2023-11-01,7736850,7709379
2023-11-02,7954249,7923829
2023-11-03,8072914,8040453
2023-11-04,6119051,6086888
2023-11-05,4161971,4137843
2023-11-06,7372828,7347864
2023-11-07,7825741,7797688
2023-11-08,7955453,7926543
2023-11-09,7760780,7732938
2023-11-10,7966964,7936704
2023-11-11,6029376,5997829
2023-11-12,4292936,4266732
2023-11-13,7539491,7512434
2023-11-14,7759960,7730634
2023-11-15,7937108,7907599
2023-11-16,7610027,7582927
2023-11-17,8064669,8034209
2023-11-18,5857967,5829510
2023-11-19,4447588,4423141
2023-11-20,7648491,7621526
2023-11-21,7835357,7806198
2023-11-22,7890678,7863325
2023-11-23,7931593,7903222
2023-11-24,8090116,8058045
2023-11-25,5858596,5824539
2023-11-26,4338914,4311181
2023-11-27,7478415,7453140
2023-11-28,7807163,7779088
2023-11-29,7810869,7780517
2023-11-30,7677722,7646604
2023-12-01,7995079,7962181
2023-12-02,5856330,5827511
2023-12-03,4289284,4264877
2023-12-04,7568442,7541730
2023-12-05,7790130,7762242
2023-12-06,7702215,7674840
2023-12-07,7896458,7867462
2023-12-08,8136435,8105438
2023-12-09,6085969,6056295
2023-12-10,4364342,4338656
2023-12-11,7335764,7310350
2023-12-12,7837889,7809524
2023-12-13,7948465,7918563
2023-12-14,7826491,7795486
2023-12-15,8033092,8001976
2023-12-16,6256374,6223628
2023-12-17,4135871,4110883
2023-12-18,7377532,7343132
2023-12-19,7801151,7761124
2023-12-20,7929600,7893519
2023-12-21,7529981,7492720
2023-12-22,7822083,7783801
2023-12-23,5665356,5636596
2023-12-24,4873265,4849707
2023-12-25,4618406,4597005
2023-12-26,7413885,7384029
2023-12-27,7665234,7634964
2023-12-28,7575555,7542883
2023-12-29,7628726,7595545
2023-12-30,5333230,5305674
2023-12-31,4233753,4214276
2024-01-01,3158549,3137592
2024-01-02,7070219,7041686
2024-01-03,7306669,7276576
2024-01-04,7448523,7417534
2024-01-05,7725780,7694181
2024-01-06,5473810,5444981
2024-01-07,3919153,3897581
2024-01-08,7089925,7061435
2024-01-09,7438620,7409351
2024-01-10,7537559,7507637
2024-01-11,7527168,7496924
2024-01-12,7816241,7784482
2024-01-13,5679978,5651642
2024-01-14,3832954,3811067
2024-01-15,7208287,7181002
2024-01-16,7405695,7375721
2024-01-17,7456706,7427243
2024-01-18,7549265,7516345
2024-01-19,7861537,7825718
2024-01-20,5590780,5557806
2024-01-21,4031579,4008483
2024-01-22,7011537,6985987
2024-01-23,6815173,6788855
2024-01-24,7091645,7064171
2024-01-25,7342201,7313343
2024-01-26,7740456,7711330
2024-01-27,5635588,5606574
2024-01-28,4107574,4081231
2024-01-29,7294018,7263072
2024-01-30,7464687,7432277
2024-01-31,7510858,7478385
2024-02-01,7524674,7492214
2024-02-02,7805326,7773156
2024-02-03,5462614,5433475
2024-02-04,4182402,4158081
2024-02-05,7256657,7225573
2024-02-06,7534759,7507870
2024-02-07,7530004,7500376
2024-02-08,7256499,7225187
2024-02-09,3210003,3188334
2024-02-10,2634922,2618049
2024-02-11,3499295,3476890
2024-02-12,3776326,3752000
2024-02-13,7121396,7089604
2024-02-14,7700651,7669297
2024-02-15,7448051,7417087
2024-02-16,8067776,8034939
2024-02-17,6049800,6018567
2024-02-18,4266820,4239530
2024-02-19,7231695,7204203
2024-02-20,7643799,7613682
2024-02-21,7467225,7435748
2024-02-22,7803459,7774090
2024-02-23,8094186,8062622
2024-02-24,6056228,6024231
2024-02-25,4418047,4391868
2024-02-26,7561769,7532533
2024-02-27,7724199,7692114
2024-02-28,7820183,7788727
2024-02-29,7962476,7931068
2024-03-01,5020373,4985856
2024-03-02,5161138,5129877
2024-03-03,4172534,4145059
2024-03-04,7657936,7628708
2024-03-05,7831203,7799881
2024-03-06,7984693,7953170
2024-03-07,8038331,8005932
2024-03-08,8287748,8251953
2024-03-09,6034019,5997518
2024-03-10,4503766,4476561
2024-03-11,7790772,7761493
2024-03-12,7877077,7846342
2024-03-13,8104120,8073074
2024-03-14,8194174,8161898
2024-03-15,8342295,8305144
2024-03-16,6315968,6279629
2024-03-17,4641443,4612926
2024-03-18,7877831,7848862
2024-03-19,7954969,7924696
2024-03-20,8056750,8025656
2024-03-21,8233046,8200834
2024-03-22,8256554,8220984
2024-03-23,6246673,6211848
2024-03-24,4708982,4681160
2024-03-25,7766491,7737131
2024-03-26,7971391,7939158
2024-03-27,8245066,8212343
2024-03-28,8594068,8557541
2024-03-29,8296607,8259833
2024-03-30,6268792,6229245
2024-03-31,4750130,4719346
2024-04-01,7939210,7907067
2024-04-02,8190384,8156122
2024-04-03,8039847,8006930
2024-04-04,8327767,8293241
2024-04-05,8551157,8512548
2024-04-06,6615770,6575468
2024-04-07,4972170,4939035
2024-04-08,7920923,7889904
2024-04-09,8471246,8437130
2024-04-10,4975092,4945617
2024-04-11,7986680,7956000
2024-04-12,8347121,8311693
2024-04-13,6252414,6216629
2024-04-14,4593389,4561453
2024-04-15,7494886,7466458
2024-04-16,8012928,7980266
2024-04-17,8122570,8088805
2024-04-18,8138835,8103263
2024-04-19,8338113,8300756
2024-04-20,5641573,5604806
2024-04-21,4376299,4345624
2024-04-22,7773184,7742006
2024-04-23,7994341,7960278
2024-04-24,7892485,7857161
2024-04-25,8211058,8172877
2024-04-26,8510830,8469957
2024-04-27,6540809,6500976
2024-04-28,4864036,4831339
2024-04-29,8007523,7974585
2024-04-30,8414722,8379498
2024-05-01,5951847,5916378
2024-05-02,8331334,8294801
2024-05-03,8661020,8617198
2024-05-04,6332843,6292547
2024-05-05,3941814,3914238
2024-05-06,4088970,4067264
2024-05-07,7893940,7863642
2024-05-08,8162184,8126626
2024-05-09,8304850,8263509
2024-05-10,8656830,8618259
2024-05-11,5940099,5901671
2024-05-12,4872356,4840578
2024-05-13,8010726,7980941
2024-05-14,8560165,8526911
2024-05-15,4657423,4626973
2024-05-16,8233263,8201408
2024-05-17,8498389,8462321
2024-05-18,6449796,6412549
2024-05-19,4812136,4780150
2024-05-20,7858427,7828617
2024-05-21,8150369,8115185
2024-05-22,8195032,8160754
2024-05-23,8251659,8215863
2024-05-24,8493069,8453127
2024-05-25,6582420,6541510
2024-05-26,4456037,4424981
2024-05-27,7929662,7895727
2024-05-28,8114487,8079062
2024-05-29,8175727,8141503
2024-05-30,8130430,8097462
2024-05-31,8391185,8353545
2024-06-01,6282143,6245526
2024-06-02,4533183,4502812
2024-06-03,7835971,7808020
2024-06-04,8065096,8033564
2024-06-05,8341598,8310399
2024-06-06,4947427,4917430
2024-06-07,7621734,7588006
2024-06-08,5337336,5306448
2024-06-09,4387096,4359313
2024-06-10,7745961,7716882
2024-06-11,7980999,7949903
2024-06-12,7999897,7966176
2024-06-13,8081911,8048476
2024-06-14,8256883,8218272
2024-06-15,5887513,5853202
2024-06-16,4451304,4420261
2024-06-17,7695709,7662266
2024-06-18,7863506,7826589
2024-06-19,7900037,7865449
2024-06-20,7953255,7917858
2024-06-21,8178879,8141256
2024-06-22,5608877,5572228
2024-06-23,4376981,4347755
2024-06-24,7601031,7570864
2024-06-25,7865296,7833499
2024-06-26,7930921,7897235
2024-06-27,7920770,7886613
2024-06-28,8212753,8174675
2024-06-29,5796248,5758786
2024-06-30,3912553,3887999
2024-07-01,7529294,7496597
2024-07-02,7117060,7088087
2024-07-03,7750896,7719577
2024-07-04,7834968,7801569
2024-07-05,8072628,8036872
2024-07-06,5515951,5483741
2024-07-07,4270567,4242684
2024-07-08,7159388,7131772
2024-07-09,7587823,7557079
2024-07-10,7756624,7723881
2024-07-11,7818518,7784810
2024-07-12,8086993,8051140
2024-07-13,5944099,5910441
2024-07-14,4416250,4387524
2024-07-15,7510694,7478269
2024-07-16,7544424,7512920
2024-07-17,7273736,7243308
2024-07-18,7020694,6995531
2024-07-19,8085387,8049807
2024-07-20,5470731,5437121
2024-07-21,4146365,4119275
2024-07-22,7191683,7163503
2024-07-23,7419682,7389517
2024-07-24,7648547,7615860
2024-07-25,7684769,7650102
2024-07-26,7701887,7667189
2024-07-27,5272647,5243780
2024-07-28,4112369,4085529
2024-07-29,7074005,7044839
2024-07-30,7336566,7303735
2024-07-31,7420241,7388635
2024-08-01,7176564,7145188
2024-08-02,7207623,7169538
2024-08-03,5094392,5060482
2024-08-04,3835766,3805606
2024-08-05,6837271,6808718
2024-08-06,7075920,7043891
2024-08-07,7161103,7131236
2024-08-08,7248830,7218065
2024-08-09,7456866,7423365
2024-08-10,5290055,5259450
2024-08-11,3984042,3958091
2024-08-12,7150450,7119710
2024-08-13,7331074,7299205
2024-08-14,7526401,7492901
2024-08-15,4326853,4299993
2024-08-16,6849945,6816207
2024-08-17,5029063,4995053
2024-08-18,3910155,3881822
2024-08-19,7103324,7072812
2024-08-20,7289313,7256436
2024-08-21,7083993,7053655
2024-08-22,7325630,7293736
2024-08-23,7808776,7771589
2024-08-24,5631747,5597043
2024-08-25,4180197,4151489
2024-08-26,7323861,7292734
2024-08-27,7541089,7507246
2024-08-28,7661890,7630261
2024-08-29,7659048,7625626
2024-08-30,7910564,7876252
2024-08-31,5728548,5697539
2024-09-01,4275603,4249838
2024-09-02,7609551,7581456
2024-09-03,7874162,7844228
2024-09-04,7969815,7940493
2024-09-05,7946777,7915729
2024-09-06,8165658,8126597
2024-09-07,6108661,6076124
2024-09-08,4421185,4393009
2024-09-09,7776649,7746000
2024-09-10,7978257,7946375
2024-09-11,7899899,7871515
2024-09-12,7763741,7735508
2024-09-13,7946642,7913136
2024-09-14,4955353,4928932
2024-09-15,3851730,3828387
2024-09-16,3120140,3096325
2024-09-17,2861028,2838836
2024-09-18,3516246,3500415
2024-09-19,7207675,7182212
2024-09-20,7442066,7411614
2024-09-21,5477446,5450766
2024-09-22,4502383,4475679
2024-09-23,7900166,7871592
2024-09-24,8096373,8066072
2024-09-25,8113400,8082474
2024-09-26,8105644,8073255
2024-09-27,8455902,8413762
2024-09-28,6408967,6368509
2024-09-29,4653760,4625074
2024-09-30,7984778,7956270
2024-10-01,5020683,4991330
2024-10-02,8140440,8107820
2024-10-03,5100103,5067234
2024-10-04,7854567,7816689
2024-10-05,6552458,6516100
2024-10-06,4395711,4365806
2024-10-07,7815796,7786893
2024-10-08,8251739,8219348
2024-10-09,5001690,4971004
2024-10-10,8032155,8001086
2024-10-11,8404314,8370060
2024-10-12,6299965,6263517
2024-10-13,4707233,4677416
2024-10-14,7802480,7774264
2024-10-15,7911127,7880285
2024-10-16,8041096,8010497
2024-10-17,8095423,8063128
2024-10-18,7896541,7863991
2024-10-19,6194158,6157699
2024-10-20,4773097,4742993
2024-10-21,7779317,7749800
2024-10-22,7668164,7636204
2024-10-23,8020769,7989041
2024-10-24,8122853,8088813
2024-10-25,8427397,8391173
2024-10-26,6461132,6423749
2024-10-27,4975639,4937118
2024-10-28,7842571,7812760
2024-10-29,8037421,8004141
2024-10-30,8133774,8101268
2024-10-31,8184480,8152482
2024-11-01,8344001,8307738
2024-11-02,6544505,6501791
2024-11-03,4956733,4922707
2024-11-04,7848408,7819684
2024-11-05,8027361,7996133
2024-11-06,8040691,8009442
2024-11-07,8036680,8005234
2024-11-08,8326071,8290558
2024-11-09,6509292,6468120
2024-11-10,4724756,4694128
2024-11-11,7823690,7795576
2024-11-12,7997298,7965438
2024-11-13,8102098,8070571
2024-11-14,7920231,7889504
2024-11-15,8261007,8226503
2024-11-16,6273795,6237321
2024-11-17,4665239,4636651
2024-11-18,7636741,7608595
2024-11-19,7842180,7810166
2024-11-20,7935635,7902783
2024-11-21,7956087,7926210
2024-11-22,8234067,8198474
2024-11-23,6250725,6212614
2024-11-24,4664846,4635484
2024-11-25,7813758,7786254
2024-11-26,7805343,7775792
2024-11-27,8361261,8331270
2024-11-28,8184955,8155602
2024-11-29,8365341,8328784
2024-11-30,6146806,6113731
2024-12-01,4559772,4532626
2024-12-02,7794546,7765873
2024-12-03,7910123,7879902
2024-12-04,7855812,7825558
2024-12-05,7820853,7789008
2024-12-06,8128330,8097955
2024-12-07,6503401,6468132
2024-12-08,4315041,4289220
2024-12-09,7556126,7529253
2024-12-10,7818005,7786924
2024-12-11,7894466,7864854
2024-12-12,8030898,7997303
2024-12-13,8349698,8317465
2024-12-14,6912799,6873997
2024-12-15,4470387,4442537
2024-12-16,7642580,7610306
2024-12-17,7934982,7900634
2024-12-18,7885060,7854616
2024-12-19,7994953,7960204
2024-12-20,8450983,8414628
2024-12-21,6617250,6579737
2024-12-22,4536589,4506133
2024-12-23,7753908,7722266
2024-12-24,8046272,8016111
2024-12-25,5015987,4992953
2024-12-26,7661749,7631210
2024-12-27,7875141,7841745
2024-12-28,5928599,5893306
2024-12-29,4281424,4255208
2024-12-30,7330420,7301654
2024-12-31,7254435,7226102
2025-01-01,3204425,3182139
2025-01-02,7224979,7198298
2025-01-03,7620278,7587682
2025-01-04,5499672,5454487
2025-01-05,3926346,3904724
2025-01-06,7359852,7333580
2025-01-07,7385420,7356504
2025-01-08,7362889,7335002
2025-01-09,6941048,6914642
2025-01-10,7409882,7380039
2025-01-11,5640236,5605014
2025-01-12,4122698,4096911
2025-01-13,7347111,7319435
2025-01-14,7572569,7544892
2025-01-15,7532199,7504022
2025-01-16,7513409,7483280
2025-01-17,7867826,7836268
2025-01-18,5960102,5926070
2025-01-19,4238837,4212629
2025-01-20,7410972,7383139
2025-01-21,7528013,7500904
2025-01-22,7578218,7550746
2025-01-23,7640685,7610892
2025-01-24,7837923,7808222
2025-01-25,5308810,5279812
2025-01-26,3979507,3954900
2025-01-27,3914323,3892041
2025-01-28,2830312,2809639
2025-01-29,2521061,2503429
2025-01-30,3178774,3162856
2025-01-31,6372678,6346359
2025-02-01,5078128,5049596
2025-02-02,3866708,3843244
2025-02-03,7328607,7300034
2025-02-04,7068151,7040619
2025-02-05,7203267,7175995
2025-02-06,7555603,7521674
2025-02-07,7751903,7723416
2025-02-08,5563207,5532358
2025-02-09,4138776,4113137
2025-02-10,7373059,7345449
2025-02-11,7606146,7576669
2025-02-12,7516353,7489034
2025-02-13,7732419,7699538
2025-02-14,8068151,8037240
2025-02-15,6127924,6093986
2025-02-16,4451367,4422937
2025-02-17,7462613,7435273
2025-02-18,7623507,7593471
2025-02-19,7683642,7654323
2025-02-20,7758741,7728120
2025-02-21,8009940,7976841
2025-02-22,6148636,6113518
2025-02-23,4379758,4348608
2025-02-24,7483262,7451789
2025-02-25,7704367,7671824
2025-02-26,7773870,7740869
2025-02-27,7824335,7790852
2025-02-28,8085025,8050419
2025-03-01,5882179,5841883
2025-03-02,4349238,4322654
2025-03-03,4277611,4255065
2025-03-04,7577383,7549841
2025-03-05,7966514,7934582
2025-03-06,8115553,8083699
2025-03-07,8370346,8332949
2025-03-08,6404419,6362327
2025-03-09,4577495,4550418
2025-03-10,7957695,7930268
2025-03-11,8131033,8101773
2025-03-12,8078737,8050087
2025-03-13,8215622,8185519
2025-03-14,8556213,8521343
2025-03-15,6641827,6602813
2025-03-16,4433499,4406725
2025-03-17,7853840,7823515
2025-03-18,7956471,7928518
2025-03-19,8111385,8080759
2025-03-20,8298166,8262415
2025-03-21,8561114,8522412
2025-03-22,6688773,6650837
2025-03-23,4683053,4655796
2025-03-24,7947410,7920918
2025-03-25,8169623,8139409
2025-03-26,8225097,8195888
2025-03-27,8180323,8150027
2025-03-28,8547782,8513123
2025-03-29,6326644,6290507
2025-03-30,4485935,4459694
2025-03-31,7858343,7829741
2025-04-01,8057334,8028127
2025-04-02,8094567,8061439
2025-04-03,8304786,8269861
2025-04-04,8335448,8297254
2025-04-05,5553490,5519328
2025-04-06,4966143,4933150
2025-04-07,8021413,7989693
2025-04-08,8306978,8275756
2025-04-09,8217737,8188789
2025-04-10,8373615,8342513
2025-04-11,8787539,8752822
2025-04-12,5927964,5892986
2025-04-13,4241932,4215632
2025-04-14,7533273,7508680
2025-04-15,8189150,8158666
2025-04-16,8252830,8224148
2025-04-17,8214327,8183419
2025-04-18,8425962,8393009
2025-04-19,5732870,5699523
2025-04-20,4860812,4830761
2025-04-21,7937940,7909050
2025-04-22,7580494,7552713
2025-04-23,8274189,8242876
2025-04-24,8372437,8341257
2025-04-25,8651710,8615314
2025-04-26,6743983,6705972
2025-04-27,4797579,4767618
2025-04-28,8098155,8069201
2025-04-29,8308753,8269127
2025-04-30,8623609,8592071
2025-05-01,5310779,5281937
2025-05-02,8011223,7976994
2025-05-03,5635953,5604307
2025-05-04,5226756,5196043
2025-05-05,4792481,4764815
2025-05-06,4642891,4619629
2025-05-07,8126619,8099069
2025-05-08,8184162,8152648
2025-05-09,8184921,8152237
2025-05-10,5770694,5741329
2025-05-11,4875101,4846653
2025-05-12,8113852,8085754
2025-05-13,8275960,8245961
2025-05-14,8403971,8372857
2025-05-15,8230553,8198562
2025-05-16,8350184,8314593
2025-05-17,6494022,6459069
2025-05-18,4970226,4939975
2025-05-19,7904222,7876728
2025-05-20,8157228,8126967
2025-05-21,8246337,8215264
2025-05-22,8259010,8227184
2025-05-23,8581278,8546257
2025-05-24,6398272,6363226
2025-05-25,4988924,4957772
2025-05-26,8024969,7992696
2025-05-27,8213834,8180203
2025-05-28,8240655,8208934
2025-05-29,8266817,8234589
2025-05-30,8495426,8461156
2025-05-31,6274227,6239095
2025-06-01,4615511,4588421
2025-06-02,7835742,7809250
2025-06-03,4717945,4692161
2025-06-04,8014206,7987863
2025-06-05,8366843,8331360
2025-06-06,5361111,5332798
2025-06-07,5553182,5521773
2025-06-08,4306022,4278649
2025-06-09,7810400,7783183
2025-06-10,8069740,8040062
2025-06-11,8111211,8081410
2025-06-12,8185975,8152743
2025-06-13,8408365,8373803
2025-06-14,6263626,6226818
2025-06-15,4426743,4398322
2025-06-16,7665619,7638585
2025-06-17,8012829,7980328
2025-06-18,8068099,8034945
2025-06-19,8108473,8074876
2025-06-20,7730613,7696196
2025-06-21,5966939,5933572
2025-06-22,4597739,4569943
2025-06-23,7823651,7793739
2025-06-24,7902229,7871551
2025-06-25,7830156,7798609
2025-06-26,8030260,7998511
2025-06-27,8309205,8270925
2025-06-28,5864259,5829313
2025-06-29,4388336,4359860
2025-06-30,7563679,7535507
2025-07-01,7588581,7558395
2025-07-02,7793651,7764417
2025-07-03,7820103,7788252
2025-07-04,8177037,8141626
2025-07-05,5967514,5933582
2025-07-06,4428777,4400906
2025-07-07,7550715,7521049
2025-07-08,7597331,7560535
2025-07-09,7644591,7610504
2025-07-10,7717901,7686970
2025-07-11,8051885,8017543
2025-07-12,5832340,5799583
2025-07-13,4258141,4230129
2025-07-14,7431617,7402405
2025-07-15,7633768,7603252
2025-07-16,7534544,7504063
2025-07-17,7224466,7197465
2025-07-18,7898284,7867986
2025-07-19,5580228,5549473
2025-07-20,4460292,4430012
2025-07-21,7516912,7484268
2025-07-22,7664511,7631239
2025-07-23,7711675,7682715
2025-07-24,7741894,7711674
2025-07-25,7929539,7897097
2025-07-26,5523106,5488202
2025-07-27,4157516,4132359
2025-07-28,7172932,7141145
2025-07-29,7299150,7269400
2025-07-30,7396350,7366407
2025-07-31,7365621,7334505
2025-08-01,7388376,7352662
2025-08-02,5170391,5139963
2025-08-03,4001990,3976416
2025-08-04,6945655,6915979
2025-08-05,7261488,7231017
2025-08-06,7055644,7026442
2025-08-07,7506667,7476825
2025-08-08,7781682,7749340
2025-08-09,5524979,5496279
2025-08-10,4336907,4309753
2025-08-11,7385773,7355340
2025-08-12,7625531,7595055
2025-08-13,7090015,7060678
2025-08-14,7500085,7468882
2025-08-15,5015692,4986387
2025-08-16,5275055,5243991
2025-08-17,4102600,4077322
2025-08-18,7262678,7233895
2025-08-19,7517597,7487398
2025-08-20,7615013,7583614
2025-08-21,7696151,7664152
2025-08-22,7982413,7946597
2025-08-23,5845632,5813037
2025-08-24,4320378,4292633
2025-08-25,7380760,7348023
2025-08-26,7562661,7532099
2025-08-27,7771712,7740479
2025-08-28,7788614,7757785
2025-08-29,7983900,7949742
2025-08-30,5800760,5768618
2025-08-31,4346704,4321232
2025-09-01,7523773,7492146
2025-09-02,7914743,7881742
2025-09-03,7969569,7939354
2025-09-04,7929487,7898708
2025-09-05,8270052,8232596
2025-09-06,5729146,5695940
2025-09-07,4542481,4514071
2025-09-08,7746359,7718518
2025-09-09,8010503,7978951
2025-09-10,8111707,8082251
2025-09-11,8164890,8134118
2025-09-12,8346128,8309717
2025-09-13,6138662,6099424
2025-09-14,4909310,4875920
2025-09-15,7890798,7865170
2025-09-16,7888693,7860046
2025-09-17,7738401,7709760
2025-09-18,8241048,8208276
2025-09-19,8392578,8355772
2025-09-20,6387166,6352536
2025-09-21,4877665,4847794
2025-09-22,7942923,7913833
2025-09-23,8175606,8141119
2025-09-24,7935549,7904136
2025-09-25,8328578,8293218
2025-09-26,8659552,8620306
2025-09-27,7038821,6996863
2025-09-28,4324011,4296423
2025-09-29,8022651,7993050
2025-09-30,8189294,8158006
2025-10-01,8140983,8109833
2025-10-02,8324026,8288301
2025-10-03,4985484,4958004
2025-10-04,4693101,4665185
2025-10-05,3342252,3318936
2025-10-06,2634043,2598745
2025-10-07,3404370,3372700
2025-10-08,4639519,4603961
2025-10-09,4434603,4408791
2025-10-10,6657658,6627355
2025-10-11,5219988,5192009
2025-10-12,4206567,4182196
2025-10-13,7571609,7545112
2025-10-14,7979298,7946459
2025-10-15,8103701,8071996
2025-10-16,8163457,8130923
2025-10-17,8472740,8433745
2025-10-18,6328846,6288265
2025-10-19,4927230,4892310
2025-10-20,7936783,7909345
2025-10-21,8177729,8145737
2025-10-22,8195318,8162972
2025-10-23,8255345,8221969
2025-10-24,8652226,8613708
2025-10-25,6756920,6718027
2025-10-26,4889878,4858658
2025-10-27,8042556,8012755
2025-10-28,8164681,8132348
2025-10-29,8307868,8276127
2025-10-30,8305243,8270728
2025-10-31,8615217,8575037
2025-11-01,6638817,6597179
2025-11-02,5024036,4990166
2025-11-03,7876128,7848327
2025-11-04,8117180,8085946
2025-11-05,8192957,8163132
2025-11-06,8206364,8174581
2025-11-07,8465735,8431193
2025-11-08,6529657,6493366
2025-11-09,4892945,4863340
2025-11-10,7924135,7895766
2025-11-11,8161463,8128666
2025-11-12,8253796,8222767
2025-11-13,8175622,8144368
2025-11-14,8466256,8430860
2025-11-15,6575611,6539059
2025-11-16,4924095,4894218
2025-11-17,7866783,7835965
2025-11-18,8009299,7976763
2025-11-19,8134466,8100995
2025-11-20,8250863,8218325
2025-11-21,8473247,8437351
2025-11-22,6466681,6432018
2025-11-23,4764431,4735241
2025-11-24,7909836,7879825
2025-11-25,7979975,7948580
2025-11-26,8275631,8243078
2025-11-27,8000043,7966005
2025-11-28,8516928,8478019
2025-11-29,6318870,6281835
2025-11-30,4707285,4678108
2025-12-01,7865346,7835286
2025-12-02,7994745,7961575
2025-12-03,7888523,7855975
2025-12-04,8382376,8338932
2025-12-05,8698346,8660662
2025-12-06,6326002,6287476
2025-12-07,4670361,4641230
2025-12-08,7893807,7865595
2025-12-09,8134755,8104810
2025-12-10,8243690,8213496
2025-12-11,8189217,8156396
2025-12-12,8609429,8575557
2025-12-13,6590549,6554234
2025-12-14,4802402,4770740
2025-12-15,7909683,7874811
2025-12-16,8055042,8024077
2025-12-17,8333367,8303432
2025-12-18,8419424,8387122
2025-12-19,8847473,8807797
2025-12-20,6714867,6676763
2025-12-21,5020051,4986767
2025-12-22,8079811,8045464
2025-12-23,8133064,8095785
2025-12-24,8478310,8442442
2025-12-25,5319771,5291138
2025-12-26,7210614,7172187
2025-12-27,5961422,5921508
2025-12-28,4605779,4573374
2025-12-29,7791938,7759267
2025-12-30,7876798,7839742
2025-12-31,7696391,7661830
2026-01-01,3234549,3207323
2026-01-02,6860690,6827383
2026-01-03,5222812,5191459
2026-01-04,4118743,4090694
2026-01-05,7534891,7501965
2026-01-06,7616882,7581299
2026-01-07,7719641,7684348
2026-01-08,7521206,7485331
2026-01-09,7977159,7942877
2026-01-10,5684298,5652718
2026-01-11,4103163,4074978
2026-01-12,7465219,7428749
2026-01-13,8705806,8664113
2026-01-14,8624718,8588416
2026-01-15,7801111,7770205
2026-01-16,8085650,8052644
2026-01-17,6013543,5980156
2026-01-18,4345222,4316040
2026-01-19,7547783,7516647
2026-01-20,7308248,7274968
2026-01-21,7378557,7346171
2026-01-22,7286594,7251875
2026-01-23,7846077,7800357
2026-01-24,5721969,5683816
2026-01-25,4131512,4100221
2026-01-26,7385206,7350719
2026-01-27,7583988,7554638
2026-01-28,7595497,7564770
2026-01-29,7623987,7590877
2026-01-30,7844864,7813687
2026-01-31,5714346,5684225
2026-02-01,4225080,4199534
2026-02-02,7532443,7504611
2026-02-03,7643756,7613438
2026-02-04,7763010,7731997
2026-02-05,7812397,7778591
2026-02-06,7930042,7898041
2026-02-07,5721005,5689856
2026-02-08,4099787,4074118
2026-02-09,7556479,7527060
2026-02-10,7783081,7752087
2026-02-11,7952198,7922239
2026-02-12,7954319,7920651
2026-02-13,7941077,7903594
2026-02-14,5116920,5085331
2026-02-15,3954867,3927150
2026-02-16,3067999,3041436
2026-02-17,2805536,2784955
2026-02-18,3668001,3650005
2026-02-19,7146025,7118906
2026-02-20,7789068,7757611
2026-02-21,6122293,6090963
2026-02-22,4383208,4353933
2026-02-23,7789750,7757510
2026-02-24,7857965,7825567
2026-02-25,8157066,8125247
2026-02-26,8098245,8066136
2026-02-27,8382207,8348163
2026-02-28,6512043,6478475
2026-03-01,4956896,4926090
2026-03-02,3994615,3972227
2026-03-03,7957407,7929801
2026-03-04,8194153,8165824
2026-03-05,8282532,8249860
2026-03-06,8406535,8372591
2026-03-07,6224317,6188168
2026-03-08,4582056,4555483
2026-03-09,8107125,8079627
2026-03-10,8325587,8296198
2026-03-11,8359965,8330475
2026-03-12,8447061,8414660
2026-03-13,8717564,8681513
2026-03-14,6620610,6584391
2026-03-15,4843424,4814989
2026-03-16,8123103,8092617
2026-03-17,8334605,8304511
2026-03-18,8097663,8070602
2026-03-19,8550084,8518215
2026-03-20,8844614,8808889
2026-03-21,6718810,6679871
2026-03-22,4873052,4845879
2026-03-23,8167818,8140220
2026-03-24,8370648,8340568
2026-03-25,8462891,8431928
2026-03-26,8531111,8500371
2026-03-27,8789377,8753902
2026-03-28,6836953,6799383
2026-03-29,5022671,4995240
2026-03-30,8131220,8103321
2026-03-31,8318855,8289028
2026-04-01,8474828,8444949
2026-04-02,8650945,8617325
2026-04-03,9012367,8976100
2026-04-04,6815363,6774076
2026-04-05,5378274,5341856
2026-04-06,8172852,8136562
2026-04-07,8533176,8499912
2026-04-08,8632384,8600240
2026-04-09,8180089,8148862
2026-04-10,8629951,8595742
2026-04-11,6744117,6703291
2026-04-12,5064355,5035222
2026-04-13,8244439,8216439
2026-04-14,8474998,8444448
2026-04-15,8500663,8471525
2026-04-16,8527468,8495763
2026-04-17,8648138,8613738
2026-04-18,6694490,6658242
2026-04-19,4851763,4821513
2026-04-20,7985047,7955589
2026-04-21,8295772,8265078
2026-04-22,8350418,8319492
2026-04-23,8522782,8489274
2026-04-24,8876263,8838767
2026-04-25,6802931,6766765
2026-04-26,5022240,4991363
2026-04-27,8227923,8199670
2026-04-28,8451243,8421934
2026-04-29,8695777,8663554
2026-04-30,9105468,9064712
2026-05-01,6356610,6323007
2026-05-02,6312437,6277839
2026-05-03,4526310,4501820
2026-05-04,7888574,7854680
2026-05-05,5262286,5233165
2026-05-06,8466313,8436551
2026-05-07,8460509,8428656
2026-05-08,8828685,8790412
2026-05-09,6555702,6525010
2026-05-10,5001353,4973937
2026-05-11,8041579,8016246
2026-05-12,8392223,8362889
2026-05-13,8598645,8568258
2026-05-14,8647097,8615794
2026-05-15,8932669,8896406
2026-05-16,6976685,6938503
2026-05-17,5094955,5064075
2026-05-18,8157415,8129348
2026-05-19,8390480,8360338
2026-05-20,8027094,7998081
2026-05-21,8334202,8306000
2026-05-22,8894000,8857563
2026-05-23,6569196,6538132
2026-05-24,5428566,5394808
2026-05-25,4902677,4874924
2026-05-26,8049658,8017073
2026-05-27,8312530,8278764
2026-05-28,8450803,8413937
2026-05-29,8782921,8742012
2026-05-30,6502496,6465556
2026-05-31,4818281,4788428
2026-06-01,8028401,7995889
2026-06-02,8429425,8396044
2026-06-03,4837179,4808981
2026-06-04,8090853,8055910
2026-06-05,8539889,8503654
2026-06-06,5932718,5899143
2026-06-07,4598887,4569516
2026-06-08,8018349,7987061
2026-06-09,8254005,8219361
2026-06-10,8355153,8319981
2026-06-11,8359475,8321815
2026-06-12,8504300,8466653
2026-06-13,6570077,6530409
2026-06-14,4626154,4595695
2026-06-15,8041862,8008657
2026-06-16,8140120,8106196
2026-06-17,8216641,8181204
2026-06-18,8260246,8225247
2026-06-19,8447067,8404891
2026-06-20,5829165,5790726
2026-06-21,4849253,4812387
2026-06-22,7971366,7936082
2026-06-23,8149662,8109293
2026-06-24,8251299,8211139
2026-06-25,8130786,8093127
2026-06-26,8555944,8512682
2026-06-27,6421717,6377056
2026-06-28,4665668,4632520
2026-06-29,7810660,7773280
2026-06-30,7952706,7917986
2026-07-01,7985349,7949825
2026-07-02,7999000,7966625
2026-07-03,8397601,8356771
2026-07-04,6219713,6182432
2026-07-05,4485741,4454550
2026-07-06,7561352,7524559
2026-07-07,7837004,7798733
2026-07-08,7731673,7692822
2026-07-09,7633053,7595440
2026-07-10,8243745,8199830
2026-07-11,6293307,6249778
2026-07-12,4522612,4490830
2026-07-13,7658983,7620595
2026-07-14,7719690,7678033
2026-07-15,7829927,7789795
2026-07-16,8246403,8203688
2026-07-17,5392902,5356916
2026-07-18,5124009,5089406
2026-07-19,4455272,4424954
2026-07-20,7415692,7378344
2026-07-21,7581054,7541923
2026-07-22,7802189,7765988
2026-07-23,7756462,7722340
2026-07-24,8142876,8102702
2026-07-25,5769581,5733841
2026-07-26,4383187,4352971
2026-07-27,7456375,7421576
2026-07-28,7626229,7590828
2026-07-29,7757680,7722856
2026-07-30,7708490,7671081
2026-07-31,7819757,7783392
